Week,Twin 1,Twin 2
14.714285714285714,0.001087956885621107,0.001087956885621107
15.571428571428571,0.001615269727985602,0.001795762143607494
16.285714285714285,0.0022599084912140396,0.002473678801516844
