Week,Twin 1,Twin 2
14.714285714285714,-4.246030136342754,-4.246030136342754
15.571428571428571,-4.156575145460863,-4.132299236110345
16.285714285714285,-4.079162839839549,-4.058100036879965
