Week,Twin 1,Twin 2
12.714285714285714,0.0001774483765315007,0.0001774483765315007
14.428571428571429,0.00029257367862365566,0.00021542737512237603
